22408940,Gustavo Lopez,galn@gmail.com
23558835,Mar√≠a Rojas,mrrn@gmail.com
14654290,Kelsey Murphy,kelsey_i_murphy@yahoo.com
92410575,Isabella Gray,igray@aol.com
77240280,Jasmine King,jasmine.king@gmail.com
00704844,John Butler,jjbutler44@yahoo.com
79252604,Laura Cox,lcox@ymail.com
91076853,Jose Robinson,j_m_robinson@gmail.com
76914566,Jasmine Rodriguez,jasmine.rodriguez@ymail.com
40564425,Alyssa Parker,a.parker@aol.com
56139610,Courtney Alexander,courtney.grace@outlook.com
75422349,Jose Bryant,j_a_bryant43@rocketmail.com